,Year,Country of asylum,lookup,Country of asylum (ISO),Refugees under UNHCR's mandate,Asylum-seekers,IDPs of concern to UNHCR,Stateless persons,Others of concern,GDP_annual_change
0,2016,Afghanistan,Afghanistan,AFG,59770,123,1797551,0,114221,2.260314201
1,2017,Afghanistan,Afghanistan,AFG,75927,215,1837079,0,448032,2.647003202
2,2018,Afghanistan,Afghanistan,AFG,72228,281,2106893,0,489854,1.189228128
3,2019,Afghanistan,Afghanistan,AFG,72227,247,2553390,0,447093,3.911603419
4,2020,Afghanistan,Afghanistan,AFG,72278,167,2886317,0,82595,-2.351100673
5,2021,Afghanistan,Afghanistan,AFG,72226,187,3204805,0,84742,
6,2016,Albania,Albania,ALB,141,2750,0,4921,0,3.314980684
7,2017,Albania,Albania,ALB,124,32,0,4460,2719,3.8022274
8,2018,Albania,Albania,ALB,132,159,0,4160,76,4.019359686
9,2019,Albania,Albania,ALB,120,5,0,3687,153,2.113419982
10,2020,Albania,Albania,ALB,105,0,0,1031,10,-3.955397927
11,2021,Albania,Albania,ALB,107,0,0,1528,1083,
12,2016,Algeria,Algeria,DZA,94220,5700,0,0,0,3.2
13,2017,Algeria,Algeria,DZA,94248,6353,0,0,0,1.3
14,2018,Algeria,Algeria,DZA,94341,8910,0,0,0,1.1
15,2019,Algeria,Algeria,DZA,98599,1725,0,0,0,1
16,2020,Algeria,Algeria,DZA,97651,2124,0,0,0,-5.1
17,2021,Algeria,Algeria,DZA,97810,2282,0,0,0,
18,2016,Angola,Angola,AGO,15547,30131,0,0,0,-2.580049644
19,2017,Angola,Angola,AGO,41119,30131,0,0,0,-0.147212941
20,2018,Angola,Angola,AGO,39856,30128,0,0,0,-2.003629727
21,2019,Angola,Angola,AGO,25793,30178,0,0,61,-0.624644318
22,2020,Angola,Angola,AGO,25791,30278,0,0,61,-5.39998739
23,2021,Angola,Angola,AGO,25931,30282,0,0,198,
24,2019,Anguilla,#N/A,AIA,0,0,0,0,0,
25,2020,Anguilla,#N/A,AIA,0,0,0,0,0,
26,2021,Anguilla,#N/A,AIA,0,0,0,0,0,
27,2016,Antigua and Barbuda,Antigua and Barbuda,ATG,5,0,0,0,0,5.496459204
28,2016,Argentina,Argentina,ARG,3267,3917,0,0,181,-2.080327844
29,2017,Argentina,Argentina,ARG,3332,4111,0,0,56969,2.818502978
30,2018,Argentina,Argentina,ARG,3442,6102,0,0,410,-2.617396463
31,2019,Argentina,Argentina,ARG,3857,7992,0,0,443,-2.025934237
32,2020,Argentina,Argentina,ARG,3965,9176,0,0,448,-9.895268964
33,2021,Argentina,Argentina,ARG,4007,10354,0,0,448,
34,2016,Armenia,Armenia,ARM,17883,73,0,512,0,0.2
35,2017,Armenia,Armenia,ARM,17968,62,0,773,0,7.500000002
36,2018,Armenia,Armenia,ARM,17966,105,0,848,0,5.2
37,2019,Armenia,Armenia,ARM,17980,158,0,961,0,7.599999999
38,2020,Armenia,Armenia,ARM,107910,136,0,1000,0,-7.4
39,2021,Armenia,Armenia,ARM,45415,127,0,892,0,
40,2016,Aruba,Aruba,ABW,0,5,0,0,0,0
41,2017,Aruba,Aruba,ABW,0,147,0,0,0,0
42,2018,Aruba,Aruba,ABW,0,407,0,0,0,
43,2019,Aruba,Aruba,ABW,0,406,0,0,0,
44,2020,Aruba,Aruba,ABW,0,0,0,0,13,
45,2021,Aruba,Aruba,ABW,0,0,0,0,29,
46,2016,Australia,Australia,AUS,42187,29633,0,0,0,2.741643069
47,2017,Australia,Australia,AUS,48480,48029,0,52,0,2.295926947
48,2018,Australia,Australia,AUS,56934,60645,0,132,0,2.87097248
49,2019,Australia,Australia,AUS,58529,77363,0,0,0,2.113149425
50,2020,Australia,Australia,AUS,57411,80801,0,5221,46,-0.003836559
51,2021,Australia,Australia,AUS,56229,79819,0,5770,2022,
52,2016,Austria,Austria,AUT,93242,76382,0,937,0,1.989437162
53,2017,Austria,Austria,AUT,115252,56279,0,1003,0,2.258572433
54,2018,Austria,Austria,AUT,128779,37347,0,1062,0,2.501595119
55,2019,Austria,Austria,AUT,135951,29656,0,1132,0,1.49121085
56,2020,Austria,Austria,AUT,141816,20710,0,3267,0,-6.734514076
57,2021,Austria,Austria,AUT,146025,18308,0,3229,0,
58,2016,Azerbaijan,Azerbaijan,AZE,1193,255,613129,3585,0,-3.1
59,2017,Azerbaijan,Azerbaijan,AZE,1120,124,612785,3585,0,0.2
60,2018,Azerbaijan,Azerbaijan,AZE,1130,209,620423,3585,0,1.5
61,2019,Azerbaijan,Azerbaijan,AZE,1109,181,652326,3585,0,2.5
62,2020,Azerbaijan,Azerbaijan,AZE,1572,48,653921,3585,0,-4.3
63,2021,Azerbaijan,Azerbaijan,AZE,1603,42,653921,3585,0,
64,2016,Bahamas,Bahamas,BHS,9,17,0,0,0,
65,2017,Bahamas,Bahamas,BHS,8,15,0,0,0,
66,2018,Bahamas,Bahamas,BHS,14,24,0,0,0,
67,2019,Bahamas,Bahamas,BHS,10,13,0,0,0,
68,2020,Bahamas,Bahamas,BHS,15,13,0,0,0,
69,2021,Bahamas,Bahamas,BHS,20,8,0,0,0,
70,2016,Bahrain,Bahrain,BHR,270,111,0,0,0,3.558128119
71,2017,Bahrain,Bahrain,BHR,255,111,0,0,0,4.290949778
72,2018,Bahrain,Bahrain,BHR,262,58,0,0,0,2.136701347
73,2019,Bahrain,Bahrain,BHR,251,58,0,0,0,2.141376784
74,2020,Bahrain,Bahrain,BHR,256,104,0,0,0,-5.085180213
75,2021,Bahrain,Bahrain,BHR,251,107,0,0,0,
76,2016,Bangladesh,Bangladesh,BGD,276203,0,0,0,0,7.113478213
77,2017,Bangladesh,Bangladesh,BGD,932209,115,0,932204,0,7.284174423
78,2018,Bangladesh,Bangladesh,BGD,906640,39,0,906635,0,7.86375358
79,2019,Bangladesh,Bangladesh,BGD,854779,34,0,854704,0,8.152684149
80,2020,Bangladesh,Bangladesh,BGD,866534,18,0,866457,472000,3.509135882
81,2021,Bangladesh,Bangladesh,BGD,889775,27,0,889704,472000,
82,2018,Barbados,Barbados,BRB,0,5,0,0,0,-0.580333154
83,2019,Barbados,Barbados,BRB,0,10,0,0,0,-0.096135553
84,2020,Barbados,Barbados,BRB,0,5,0,0,0,-18.9795097
85,2021,Barbados,Barbados,BRB,0,5,0,0,0,
86,2016,Belarus,Belarus,BLR,1647,228,0,6182,0,-2.526446436
87,2017,Belarus,Belarus,BLR,2155,273,0,6007,0,2.5321835
88,2018,Belarus,Belarus,BLR,2225,184,0,6025,0,3.149197594
89,2019,Belarus,Belarus,BLR,2725,131,0,6466,0,1.4
90,2020,Belarus,Belarus,BLR,2900,143,0,6297,0,-0.9
91,2021,Belarus,Belarus,BLR,2924,136,0,6104,0,
92,2016,Belgium,Belgium,BEL,42158,24098,0,2630,0,1.266686409
93,2017,Belgium,Belgium,BEL,42158,18760,0,7695,0,1.619580278
94,2018,Belgium,Belgium,BEL,42158,19550,0,7695,0,1.819203664
95,2019,Belgium,Belgium,BEL,61662,10862,0,10933,0,2.149559681
96,2020,Belgium,Belgium,BEL,64973,29305,0,1264,940,-5.65965987
97,2021,Belgium,Belgium,BEL,65906,22516,0,1159,854,
98,2016,Belize,Belize,BLZ,0,2427,0,0,1709,-0.033233632
99,2017,Belize,Belize,BLZ,0,3120,0,0,2774,1.813682033
100,2018,Belize,Belize,BLZ,29,3305,0,0,2774,2.906069731
101,2019,Belize,Belize,BLZ,29,2144,0,0,3390,1.762797913
102,2020,Belize,Belize,BLZ,29,2249,0,0,3390,-14.01053215
103,2021,Belize,Belize,BLZ,65,2157,0,0,3500,
104,2016,Benin,Benin,BEN,804,224,0,0,0,3.339673426
105,2017,Benin,Benin,BEN,1056,262,0,0,0,5.671555469
106,2018,Benin,Benin,BEN,1167,308,0,0,0,6.697259461
107,2019,Benin,Benin,BEN,1238,373,0,0,0,6.865687336
108,2020,Benin,Benin,BEN,1396,464,0,0,0,3.8487924
109,2021,Benin,Benin,BEN,1427,501,0,0,0,
110,2016,Bolivia (Plurinational State of),Bolivia (Plurinational State of),BOL,776,0,0,0,0,
111,2017,Bolivia (Plurinational State of),Bolivia (Plurinational State of),BOL,802,34,0,0,0,
112,2018,Bolivia (Plurinational State of),Bolivia (Plurinational State of),BOL,802,34,0,0,0,
113,2019,Bolivia (Plurinational State of),Bolivia (Plurinational State of),BOL,863,242,0,0,0,
114,2020,Bolivia (Plurinational State of),Bolivia (Plurinational State of),BOL,1116,157,0,0,0,
115,2021,Bolivia (Plurinational State of),Bolivia (Plurinational State of),BOL,1116,35,0,0,0,
116,2016,Bosnia and Herzegovina,Bosnia and Herzegovina,BIH,5266,51,98324,49,52437,3.149806916
117,2017,Bosnia and Herzegovina,Bosnia and Herzegovina,BIH,5224,223,98574,65,48907,3.171434875
118,2018,Bosnia and Herzegovina,Bosnia and Herzegovina,BIH,5227,1003,96830,90,48907,3.740071092
119,2019,Bosnia and Herzegovina,Bosnia and Herzegovina,BIH,5241,725,96421,75,53728,2.831002603
120,2020,Bosnia and Herzegovina,Bosnia and Herzegovina,BIH,5232,256,96305,66,7645,-3.196950134
121,2021,Bosnia and Herzegovina,Bosnia and Herzegovina,BIH,416,177,96305,149,3516,
122,2016,Botswana,Botswana,BWA,2090,78,0,0,660,7.036896951
123,2017,Botswana,Botswana,BWA,2116,65,0,0,293,4.00344974
124,2018,Botswana,Botswana,BWA,2044,268,0,0,6,3.98039539
125,2019,Botswana,Botswana,BWA,1113,150,0,0,6,2.992737635
126,2020,Botswana,Botswana,BWA,617,422,0,0,6,-8.492893511
127,2021,Botswana,Botswana,BWA,644,73,0,0,11,
128,2016,Brazil,Brazil,BRA,9674,35451,0,5,22930,-3.275916906
129,2017,Brazil,Brazil,BRA,10260,85739,0,294,52341,1.322869054
130,2018,Brazil,Brazil,BRA,11304,152670,0,0,0,1.783666761
131,2019,Brazil,Brazil,BRA,32844,207294,0,7,0,1.411152985
132,2020,Brazil,Brazil,BRA,59092,202661,0,14,0,-4.059048273
133,2021,Brazil,Brazil,BRA,60848,206000,0,14,0,
134,2021,British Virgin Islands,British Virgin Islands,VGB,0,0,0,0,0,
135,2016,Brunei Darussalam,Brunei Darussalam,BRN,0,0,0,20524,0,-2.477917718
136,2017,Brunei Darussalam,Brunei Darussalam,BRN,0,0,0,20524,0,1.328602552
137,2018,Brunei Darussalam,Brunei Darussalam,BRN,0,0,0,20863,0,0.052237791
138,2019,Brunei Darussalam,Brunei Darussalam,BRN,0,0,0,20863,0,3.869109865
139,2020,Brunei Darussalam,Brunei Darussalam,BRN,0,0,0,20863,0,1.133573351
140,2021,Brunei Darussalam,Brunei Darussalam,BRN,0,0,0,20863,0,
141,2016,Bulgaria,Bulgaria,BGR,17794,16030,0,67,0,3.039825276
142,2017,Bulgaria,Bulgaria,BGR,19166,2712,0,48,0,2.76217096
143,2018,Bulgaria,Bulgaria,BGR,19906,1560,0,92,0,2.684576131
144,2019,Bulgaria,Bulgaria,BGR,20438,2060,0,116,0,4.037592082
145,2020,Bulgaria,Bulgaria,BGR,21113,1938,0,1141,0,-4.387149834
146,2021,Bulgaria,Bulgaria,BGR,21770,1691,0,1143,0,
147,2016,Burkina Faso,Burkina Faso,BFA,32551,126,0,0,0,5.957976708
148,2017,Burkina Faso,Burkina Faso,BFA,24152,43,2350,0,0,6.203489411
149,2018,Burkina Faso,Burkina Faso,BFA,25120,40,47030,0,0,6.604569068
150,2019,Burkina Faso,Burkina Faso,BFA,25869,29,560033,0,0,5.688115149
151,2020,Burkina Faso,Burkina Faso,BFA,20252,30,1074993,0,0,1.93032489
152,2021,Burkina Faso,Burkina Faso,BFA,22291,29,1312071,0,0,
153,2016,Burundi,Burundi,BDI,57462,3608,141221,974,649,-0.600020001
154,2017,Burundi,Burundi,BDI,62353,3551,57258,974,772,0.500009999
155,2018,Burundi,Burundi,BDI,71501,5658,31909,974,787,1.609933082
156,2019,Burundi,Burundi,BDI,78465,9090,33256,974,1904,1.842476677
157,2020,Burundi,Burundi,BDI,75461,4914,21863,974,1977,0.297577119
158,2021,Burundi,Burundi,BDI,76837,4929,19399,767,2179,
159,2016,Cabo Verde,Cabo Verde,CPV,0,0,0,115,0,4.705791509
160,2017,Cabo Verde,Cabo Verde,CPV,0,0,0,115,0,3.702039188
161,2018,Cabo Verde,Cabo Verde,CPV,0,0,0,115,0,4.531161684
162,2019,Cabo Verde,Cabo Verde,CPV,0,0,0,115,0,5.66775246
163,2020,Cabo Verde,Cabo Verde,CPV,0,0,0,115,0,-14.78340501
164,2021,Cabo Verde,Cabo Verde,CPV,0,0,0,115,0,
165,2016,Cambodia,Cambodia,KHM,61,170,0,0,0,6.933313973
166,2017,Cambodia,Cambodia,KHM,61,44,0,0,0,6.996903699
167,2018,Cambodia,Cambodia,KHM,0,0,0,57444,0,7.469169207
168,2019,Cambodia,Cambodia,KHM,0,27,0,57444,0,7.054106932
169,2020,Cambodia,Cambodia,KHM,0,12,0,57444,0,-3.147589098
170,2021,Cambodia,Cambodia,KHM,32,66,0,57444,0,
171,2016,Cameroon,Cameroon,CMR,375413,3237,198889,0,28,4.535794236
172,2017,Cameroon,Cameroon,CMR,337382,5765,221695,0,38,3.541176549
173,2018,Cameroon,Cameroon,CMR,380327,8092,668494,0,25,3.95551424
174,2019,Cameroon,Cameroon,CMR,406259,10065,950263,0,20,3.475059979
175,2020,Cameroon,Cameroon,CMR,436396,6809,1032942,0,215,0.491914742
176,2021,Cameroon,Cameroon,CMR,446101,6059,1032942,0,1245,
177,2016,Canada,Canada,CAN,97322,23946,0,0,0,1.001394414
178,2017,Canada,Canada,CAN,104768,51859,0,3790,0,3.039880225
179,2018,Canada,Canada,CAN,114101,78766,0,3790,0,2.777040554
180,2019,Canada,Canada,CAN,101757,97701,0,3790,0,1.879592028
181,2020,Canada,Canada,CAN,109214,85352,0,4139,0,-5.233024303
182,2021,Canada,Canada,CAN,125427,73198,0,3823,0,
183,2016,Cayman Islands,Cayman Islands,CYM,18,24,0,0,0,3.239976888
184,2017,Cayman Islands,Cayman Islands,CYM,29,28,0,0,0,3.184043376
185,2018,Cayman Islands,Cayman Islands,CYM,34,27,0,0,0,4.19434091
186,2019,Cayman Islands,Cayman Islands,CYM,34,14,0,0,0,3.817100404
187,2020,Cayman Islands,Cayman Islands,CYM,38,28,0,0,0,-6.730287428
188,2021,Cayman Islands,Cayman Islands,CYM,43,30,0,0,0,
189,2016,Central African Rep.,Central African Rep.,CAF,12117,310,411785,0,0,
190,2017,Central African Rep.,Central African Rep.,CAF,10033,571,688700,0,0,
191,2018,Central African Rep.,Central African Rep.,CAF,6652,397,640970,0,0,
192,2019,Central African Rep.,Central African Rep.,CAF,7170,309,669906,0,0,
193,2020,Central African Rep.,Central African Rep.,CAF,9083,285,681930,0,0,
194,2021,Central African Rep.,Central African Rep.,CAF,9174,293,716678,0,0,
195,2016,Chad,Chad,TCD,391235,1908,124342,0,36718,-6.255527085
196,2017,Chad,Chad,TCD,411475,660,99983,0,99103,-2.988695986
197,2018,Chad,Chad,TCD,451203,3467,165314,0,36718,2.3740378
198,2019,Chad,Chad,TCD,442670,3756,170278,0,122359,3.247181917
199,2020,Chad,Chad,TCD,478649,4568,336124,0,99765,-0.947304885
200,2021,Chad,Chad,TCD,508304,4548,401511,0,107810,
201,2016,Chile,Chile,CHL,1730,3218,0,0,0,1.711089289
202,2017,Chile,Chile,CHL,1861,8462,0,0,86687,1.184544707
203,2018,Chile,Chile,CHL,2026,11993,0,0,1989,3.713859177
204,2019,Chile,Chile,CHL,2046,8521,0,0,2073,0.942005307
205,2020,Chile,Chile,CHL,2053,8069,0,0,1866,-5.771501669
206,2021,Chile,Chile,CHL,2060,6451,0,0,1881,
207,2016,China,China,CHN,317254,647,0,0,0,6.848762205
208,2017,China,China,CHN,321714,691,0,0,0,6.947200793
209,2018,China,China,CHN,321758,583,0,0,0,6.749773832
210,2019,China,China,CHN,303379,644,0,0,0,5.949714233
211,2020,China,China,CHN,303405,743,0,0,0,2.347513573
212,2021,China,China,CHN,303430,704,0,0,0,
213,2016,"China, Hong Kong SAR","China, Hong Kong SAR",HKG,91,0,0,0,0,
214,2017,"China, Hong Kong SAR","China, Hong Kong SAR",HKG,85,5,0,0,0,
215,2018,"China, Hong Kong SAR","China, Hong Kong SAR",HKG,128,0,0,0,0,
216,2019,"China, Hong Kong SAR","China, Hong Kong SAR",HKG,128,0,0,0,0,
217,2020,"China, Hong Kong SAR","China, Hong Kong SAR",HKG,241,0,0,0,0,
218,2021,"China, Hong Kong SAR","China, Hong Kong SAR",HKG,265,0,0,0,0,
219,2016,"China, Macao SAR","China, Macao SAR",MAC,0,5,0,0,0,
220,2017,"China, Macao SAR","China, Macao SAR",MAC,0,5,0,0,0,
221,2016,Colombia,Colombia,COL,241,368,7410816,11,0,2.087382502
222,2017,Colombia,Colombia,COL,260,525,7677609,11,68734,1.359360868
223,2018,Colombia,Colombia,COL,294,2851,7816473,11,0,2.564324283
224,2019,Colombia,Colombia,COL,634,9094,7976412,11,400000,3.281116805
225,2020,Colombia,Colombia,COL,957,19933,8252788,11,1241889,-6.795758107
226,2021,Colombia,Colombia,COL,964,30599,8143758,11,1287450,
227,2016,Congo,Congo,COG,46454,6672,15303,0,3155,
228,2017,Congo,Congo,COG,48509,7092,107828,0,3862,
229,2018,Congo,Congo,COG,37491,9176,138000,0,12399,
230,2019,Congo,Congo,COG,25668,14417,134430,0,11770,
231,2020,Congo,Congo,COG,27097,13622,134430,0,11920,
232,2021,Congo,Congo,COG,38421,13651,134430,0,10098,
233,2016,Costa Rica,Costa Rica,CRI,4162,3626,0,127,0,4.204323252
234,2017,Costa Rica,Costa Rica,CRI,4479,7428,0,71,0,4.157698963
235,2018,Costa Rica,Costa Rica,CRI,4531,32595,0,82,40,2.615904404
236,2019,Costa Rica,Costa Rica,CRI,6204,87470,0,231,69,2.256315079
237,2020,Costa Rica,Costa Rica,CRI,9593,89744,0,199,0,-4.063676535
238,2021,Costa Rica,Costa Rica,CRI,9976,95275,0,205,72,
239,2016,Cote d'Ivoire,Cote d'Ivoire,CIV,1397,276,0,694000,118,7.179207824
240,2017,Cote d'Ivoire,Cote d'Ivoire,CIV,1559,368,0,692000,165,7.359638088
241,2018,Cote d'Ivoire,Cote d'Ivoire,CIV,1808,198,0,692000,104,6.89028432
242,2019,Cote d'Ivoire,Cote d'Ivoire,CIV,2020,151,0,955399,65,6.231709513
243,2020,Cote d'Ivoire,Cote d'Ivoire,CIV,2086,224,5394,954531,50,1.958332479
244,2021,Cote d'Ivoire,Cote d'Ivoire,CIV,2119,223,0,952969,50,
245,2016,Croatia,Croatia,HRV,300,529,0,2873,14518,3.532432232
246,2017,Croatia,Croatia,HRV,508,406,0,2873,8019,3.41409226
247,2018,Croatia,Croatia,HRV,787,198,0,2886,4376,2.900009599
248,2019,Croatia,Croatia,HRV,916,454,0,2886,4027,3.481945603
249,2020,Croatia,Croatia,HRV,956,567,0,2898,2520,-8.099761252
250,2021,Croatia,Croatia,HRV,965,583,0,2910,1231,
251,2016,Cuba,Cuba,CUB,312,28,0,0,0,0.513761468
252,2017,Cuba,Cuba,CUB,343,15,0,0,0,1.809054399
253,2018,Cuba,Cuba,CUB,287,24,0,0,0,2.248480393
254,2019,Cuba,Cuba,CUB,233,32,0,0,0,-0.164839982
255,2020,Cuba,Cuba,CUB,222,10,0,0,0,-10.94834097
256,2021,Cuba,Cuba,CUB,207,5,0,0,0,
257,2016,Curacao ,Curacao ,CUW,53,55,0,0,0,
258,2017,Curacao ,Curacao ,CUW,74,729,0,0,0,
259,2018,Curacao ,Curacao ,CUW,99,342,0,0,0,
260,2019,Curacao ,Curacao ,CUW,42,345,0,0,0,
261,2020,Curacao ,Curacao ,CUW,68,318,0,0,0,
262,2021,Curacao ,Curacao ,CUW,67,318,0,0,0,
263,2016,Cyprus,Cyprus,CYP,8478,3049,0,0,6000,6.454554466
264,2017,Cyprus,Cyprus,CYP,9790,5216,0,0,6000,5.852540355
265,2018,Cyprus,Cyprus,CYP,11002,10267,0,0,6000,5.692841724
266,2019,Cyprus,Cyprus,CYP,12311,18799,0,0,4000,5.283187396
267,2020,Cyprus,Cyprus,CYP,13997,20483,0,56,4000,-5.2289881
268,2021,Cyprus,Cyprus,CYP,15141,21919,0,66,4000,
269,2016,Czechia,Czechia,CZE,3640,769,0,1502,0,
270,2017,Czechia,Czechia,CZE,3640,799,0,1502,0,
271,2018,Czechia,Czechia,CZE,2186,1910,0,1502,0,
272,2019,Czechia,Czechia,CZE,2054,1632,0,1394,413,
273,2020,Czechia,Czechia,CZE,1919,1537,0,1492,1502,
274,2021,Czechia,Czechia,CZE,2052,1014,0,1498,1436,
275,2016,Dem. Rep. of the Congo,Dem. Rep. of the Congo,COD,451957,1324,2232900,0,0,
276,2017,Dem. Rep. of the Congo,Dem. Rep. of the Congo,COD,537089,807,4351376,0,0,
277,2018,Dem. Rep. of the Congo,Dem. Rep. of the Congo,COD,529065,5770,4516866,0,0,
278,2019,Dem. Rep. of the Congo,Dem. Rep. of the Congo,COD,523733,3192,5014253,0,0,
279,2020,Dem. Rep. of the Congo,Dem. Rep. of the Congo,COD,490243,1480,5198131,0,0,
280,2021,Dem. Rep. of the Congo,Dem. Rep. of the Congo,COD,519819,16595,5094035,0,0,
281,2016,Denmark,Denmark,DNK,33501,7001,0,7610,0,3.245956985
282,2017,Denmark,Denmark,DNK,35668,4229,0,7990,0,2.821736341
283,2018,Denmark,Denmark,DNK,36623,2675,0,8236,0,1.989537315
284,2019,Denmark,Denmark,DNK,37533,1462,0,8672,0,2.114664208
285,2020,Denmark,Denmark,DNK,36643,1331,0,11655,0,-2.062124959
286,2021,Denmark,Denmark,DNK,36431,844,0,11608,0,
287,2016,Djibouti,Djibouti,DJI,17683,8058,0,0,117,6.652650372
288,2017,Djibouti,Djibouti,DJI,17553,9357,0,0,88,5.403099843
289,2018,Djibouti,Djibouti,DJI,18293,10479,0,0,0,8.407662666
290,2019,Djibouti,Djibouti,DJI,19639,11224,0,0,0,7.770497257
291,2020,Djibouti,Djibouti,DJI,21193,10811,0,0,1301,0.5
292,2021,Djibouti,Djibouti,DJI,22123,11441,0,0,1301,
293,2016,Dominican Rep.,Dominican Rep.,DOM,593,787,0,0,0,
294,2017,Dominican Rep.,Dominican Rep.,DOM,594,850,0,0,0,
295,2018,Dominican Rep.,Dominican Rep.,DOM,164,327,0,0,0,
296,2019,Dominican Rep.,Dominican Rep.,DOM,164,561,0,0,0,
297,2020,Dominican Rep.,Dominican Rep.,DOM,162,625,0,0,0,
298,2021,Dominican Rep.,Dominican Rep.,DOM,162,642,0,0,0,
299,2016,Ecuador,Ecuador,ECU,102848,24542,0,0,0,-1.226383985
300,2017,Ecuador,Ecuador,ECU,92405,11895,0,0,41000,2.368386526
301,2018,Ecuador,Ecuador,ECU,101550,17044,0,0,0,1.289291933
302,2019,Ecuador,Ecuador,ECU,104560,25002,0,0,0,0.012105103
303,2020,Ecuador,Ecuador,ECU,104582,26001,0,0,0,-7.750123377
304,2021,Ecuador,Ecuador,ECU,55424,6565,0,0,0,
305,2016,Egypt,Egypt,EGY,213515,49844,0,19,0,
306,2017,Egypt,Egypt,EGY,232647,56557,0,0,0,
307,2018,Egypt,Egypt,EGY,246746,68168,0,5,0,
308,2019,Egypt,Egypt,EGY,258391,69842,0,5,0,
309,2020,Egypt,Egypt,EGY,272826,56446,0,7,0,
310,2021,Egypt,Egypt,EGY,277665,57320,0,7,0,
311,2016,El Salvador,El Salvador,SLV,41,0,0,0,9800,2.545926086
312,2017,El Salvador,El Salvador,SLV,40,5,71500,0,4200,2.246670039
313,2018,El Salvador,El Salvador,SLV,44,16,71501,0,4700,2.432287587
314,2019,El Salvador,El Salvador,SLV,48,29,71500,0,6800,2.382581398
315,2020,El Salvador,El Salvador,SLV,48,53,71500,0,1700,-8.581312158
316,2021,El Salvador,El Salvador,SLV,32,67,71500,0,290,
317,2016,Eritrea,Eritrea,ERI,2342,8,0,0,16,
318,2017,Eritrea,Eritrea,ERI,2392,0,0,0,19,
319,2018,Eritrea,Eritrea,ERI,2252,0,0,0,21,
320,2019,Eritrea,Eritrea,ERI,199,0,0,0,17,
321,2020,Eritrea,Eritrea,ERI,201,0,0,0,17,
322,2021,Eritrea,Eritrea,ERI,121,0,0,0,17,
323,2016,Estonia,Estonia,EST,312,43,0,82585,0,3.155564814
324,2017,Estonia,Estonia,EST,405,36,0,80314,0,5.792044675
325,2018,Estonia,Estonia,EST,319,30,0,77877,0,4.133819798
326,2019,Estonia,Estonia,EST,331,33,0,75599,0,4.096342644
327,2020,Estonia,Estonia,EST,277,5,0,73215,0,-2.951069313
328,2021,Estonia,Estonia,EST,288,15,0,71873,0,
329,2016,Eswatini,Eswatini,SWZ,725,377,0,0,0,1.062610193
330,2017,Eswatini,Eswatini,SWZ,790,544,0,0,0,2.026578156
331,2018,Eswatini,Eswatini,SWZ,874,739,0,0,0,2.371610521
332,2019,Eswatini,Eswatini,SWZ,940,963,0,0,0,2.61303529
333,2020,Eswatini,Eswatini,SWZ,945,1104,0,0,0,-1.85052471
334,2021,Eswatini,Eswatini,SWZ,987,1151,0,0,0,
335,2016,Ethiopia,Ethiopia,ETH,791631,1948,0,0,535,9.433482658
336,2017,Ethiopia,Ethiopia,ETH,889412,2593,1078429,0,528,9.564189643
337,2018,Ethiopia,Ethiopia,ETH,903226,2136,2615800,0,452,6.816147797
338,2019,Ethiopia,Ethiopia,ETH,733123,1677,1733628,0,392,8.364085699
339,2020,Ethiopia,Ethiopia,ETH,800454,1901,2733628,0,454,6.056617792
340,2021,Ethiopia,Ethiopia,ETH,782896,2110,3954760,0,460,
341,2016,Fiji,Fiji,FJI,7,0,0,0,0,2.445652008
342,2017,Fiji,Fiji,FJI,7,10,0,0,0,5.353364937
343,2018,Fiji,Fiji,FJI,0,17,0,0,0,3.81235097
344,2019,Fiji,Fiji,FJI,12,10,0,0,0,-0.445563044
345,2020,Fiji,Fiji,FJI,14,5,0,0,0,-15.71180398
346,2021,Fiji,Fiji,FJI,13,5,0,0,0,
347,2016,Finland,Finland,FIN,18402,5559,0,2671,0,2.811457767
348,2017,Finland,Finland,FIN,20793,3101,0,2749,0,3.19240963
349,2018,Finland,Finland,FIN,22287,3264,0,2759,0,1.141947509
350,2019,Finland,Finland,FIN,23458,8719,0,2801,0,1.220754143
351,2020,Finland,Finland,FIN,23428,6316,0,3428,0,-2.800135891
352,2021,Finland,Finland,FIN,23746,5308,0,3416,0,
353,2016,France,France,FRA,304527,62764,0,1370,0,1.095464404
354,2017,France,France,FRA,337158,63115,0,1425,0,2.291419994
355,2018,France,France,FRA,368345,89055,0,1493,0,1.865066071
356,2019,France,France,FRA,407915,102192,0,1521,0,1.842971814
357,2020,France,France,FRA,436055,118137,0,2068,1606,-7.855256037
358,2021,France,France,FRA,457153,82032,0,2094,1681,
359,2016,Gabon,Gabon,GAB,926,1911,0,0,0,2.091442208
360,2017,Gabon,Gabon,GAB,845,5,0,0,0,0.472642031
361,2018,Gabon,Gabon,GAB,686,82,0,0,0,0.837916581
362,2019,Gabon,Gabon,GAB,454,76,0,0,0,3.920808795
363,2020,Gabon,Gabon,GAB,467,80,0,0,0,-1.83776093
364,2021,Gabon,Gabon,GAB,333,63,0,0,0,
365,2016,Gambia,Gambia,GMB,7936,0,0,0,0,
366,2017,Gambia,Gambia,GMB,8039,5,0,0,0,
367,2018,Gambia,Gambia,GMB,4027,349,0,0,0,
368,2019,Gambia,Gambia,GMB,4302,206,0,0,0,
369,2020,Gambia,Gambia,GMB,4378,207,0,0,0,
370,2021,Gambia,Gambia,GMB,4419,207,0,0,0,
371,2016,Georgia,Georgia,GEO,2122,305,273765,580,0,2.90643878
372,2017,Georgia,Georgia,GEO,2089,530,278103,587,0,4.842603225
373,2018,Georgia,Georgia,GEO,1987,677,282382,566,0,4.842919885
374,2019,Georgia,Georgia,GEO,1355,1111,286216,559,593,4.982350475
375,2020,Georgia,Georgia,GEO,1780,1282,288538,531,0,-6.760439817
376,2021,Georgia,Georgia,GEO,1795,1271,289213,534,0,
377,2016,Germany,Germany,DEU,669468,587306,0,12017,0,2.229999868
378,2017,Germany,Germany,DEU,970357,429265,0,13458,0,2.680231114
379,2018,Germany,Germany,DEU,1063835,369239,0,14779,0,1.086024514
380,2019,Germany,Germany,DEU,1146682,310957,0,14947,0,1.055508247
381,2020,Germany,Germany,DEU,1210596,243157,0,26675,0,-4.569616717
382,2021,Germany,Germany,DEU,1235160,232481,0,26980,0,
383,2016,Ghana,Ghana,GHA,11866,1365,0,0,0,3.37346575
384,2017,Ghana,Ghana,GHA,12153,1303,0,0,0,8.128894881
385,2018,Ghana,Ghana,GHA,11896,1312,0,0,0,6.200077681
386,2019,Ghana,Ghana,GHA,11946,1518,0,0,0,6.507774794
387,2020,Ghana,Ghana,GHA,12406,1511,0,0,0,0.414443458
388,2021,Ghana,Ghana,GHA,12388,1879,0,0,0,
389,2016,Greece,Greece,GRC,46411,39960,0,198,0,-0.487173294
390,2017,Greece,Greece,GRC,38988,44188,0,198,0,1.09214912
391,2018,Greece,Greece,GRC,61446,76057,0,198,0,1.668428636
392,2019,Greece,Greece,GRC,80454,105684,0,4734,0,1.803595256
393,2020,Greece,Greece,GRC,103101,60873,0,5557,4705,-9.019129085
394,2021,Greece,Greece,GRC,112022,49397,0,5552,4705,
395,2020,Grenada,Grenada,GRD,0,0,0,0,0,-13.70773068
396,2021,Grenada,Grenada,GRD,0,0,0,0,0,
397,2016,Guatemala,Guatemala,GTM,295,0,0,0,23900,2.677802555
398,2017,Guatemala,Guatemala,GTM,360,28,0,0,62200,3.079851491
399,2018,Guatemala,Guatemala,GTM,380,251,0,0,110600,3.322097997
400,2019,Guatemala,Guatemala,GTM,408,631,0,0,110600,3.866856575
401,2020,Guatemala,Guatemala,GTM,442,784,0,0,112749,-1.519328029
402,2021,Guatemala,Guatemala,GTM,471,1069,0,0,102141,
403,2016,Guinea,Guinea,GIN,5067,104,0,0,0,10.82062144
404,2017,Guinea,Guinea,GIN,5156,108,0,0,0,10.30000049
405,2018,Guinea,Guinea,GIN,4294,1578,0,0,0,6.358491927
406,2019,Guinea,Guinea,GIN,4964,1980,0,0,0,5.646175568
407,2020,Guinea,Guinea,GIN,6029,3543,0,0,0,6.988559971
408,2021,Guinea,Guinea,GIN,6239,2706,0,0,0,
409,2016,Guinea-Bissau,Guinea-Bissau,GNB,9264,29,0,0,0,6.262805638
410,2017,Guinea-Bissau,Guinea-Bissau,GNB,11207,11,0,0,0,5.919176626
411,2018,Guinea-Bissau,Guinea-Bissau,GNB,4853,21,0,0,0,1.283736703
412,2019,Guinea-Bissau,Guinea-Bissau,GNB,1846,30,0,0,0,4.499999992
413,2020,Guinea-Bissau,Guinea-Bissau,GNB,1846,30,0,0,0,-2.399999999
414,2021,Guinea-Bissau,Guinea-Bissau,GNB,1846,30,0,0,0,
415,2016,Guyana,Guyana,GUY,12,0,0,0,0,3.807918837
416,2017,Guyana,Guyana,GUY,17,0,0,0,0,3.734374061
417,2018,Guyana,Guyana,GUY,25,12,0,0,0,4.441013589
418,2019,Guyana,Guyana,GUY,14,57,0,0,0,5.352627426
419,2020,Guyana,Guyana,GUY,23,72,0,0,0,43.47955594
420,2021,Guyana,Guyana,GUY,23,111,0,0,0,
421,2016,Haiti,Haiti,HTI,5,0,0,2302,0,1.812468078
422,2017,Haiti,Haiti,HTI,5,0,0,2302,0,2.510271345
423,2018,Haiti,Haiti,HTI,5,0,0,2992,0,1.667810955
424,2019,Haiti,Haiti,HTI,0,5,0,0,0,-1.684595081
425,2020,Haiti,Haiti,HTI,0,5,0,0,0,-3.343372612
426,2021,Haiti,Haiti,HTI,0,5,0,0,0,
427,2016,Honduras,Honduras,HND,16,10,174000,0,4800,3.892972197
428,2017,Honduras,Honduras,HND,27,11,174000,0,3200,4.842913911
429,2018,Honduras,Honduras,HND,28,55,174001,0,5200,3.84499477
430,2019,Honduras,Honduras,HND,75,109,247090,0,6000,2.653066255
431,2020,Honduras,Honduras,HND,85,116,247090,0,2940,-8.964760184
432,2021,Honduras,Honduras,HND,124,60,247090,0,5040,
433,2016,Hungary,Hungary,HUN,4736,3396,0,135,0,2.191960369
434,2017,Hungary,Hungary,HUN,5671,666,0,139,0,4.268557419
435,2018,Hungary,Hungary,HUN,6019,120,0,144,0,5.359496489
436,2019,Hungary,Hungary,HUN,5750,222,0,76,0,4.554063072
437,2020,Hungary,Hungary,HUN,5838,38,0,147,0,-4.675686993
438,2021,Hungary,Hungary,HUN,5736,11,0,130,0,
439,2016,Iceland,Iceland,ISL,245,324,0,131,0,6.303687107
440,2017,Iceland,Iceland,ISL,361,327,0,85,0,4.194948829
441,2018,Iceland,Iceland,ISL,549,437,0,69,0,4.892180731
442,2019,Iceland,Iceland,ISL,894,371,0,48,0,2.434823
443,2020,Iceland,Iceland,ISL,1460,181,0,66,0,-6.50391225
444,2021,Iceland,Iceland,ISL,1535,201,0,73,0,
445,2016,India,India,IND,197848,9209,0,0,0,8.256305502
446,2017,India,India,IND,197142,10508,0,0,0,6.795383419
447,2018,India,India,IND,195887,11938,0,0,0,6.532989011
448,2019,India,India,IND,195103,12385,0,17730,0,4.041554187
449,2020,India,India,IND,195373,11217,0,18174,0,-7.251754782
450,2021,India,India,IND,196194,12474,0,19677,0,
451,2016,Indonesia,Indonesia,IDN,7824,6558,0,0,0,5.033069183
452,2017,Indonesia,Indonesia,IDN,9782,4016,0,0,0,5.069785901
453,2018,Indonesia,Indonesia,IDN,10786,3196,0,0,0,5.17429154
454,2019,Indonesia,Indonesia,IDN,10287,3476,0,582,0,5.018159715
455,2020,Indonesia,Indonesia,IDN,10114,3597,0,874,170,-2.069543499
456,2021,Indonesia,Indonesia,IDN,10076,3309,0,668,165,
457,2016,Iran (Islamic Rep. of),Iran (Islamic Rep. of),IRN,979435,91,0,0,0,
458,2017,Iran (Islamic Rep. of),Iran (Islamic Rep. of),IRN,979435,84,0,0,0,
459,2018,Iran (Islamic Rep. of),Iran (Islamic Rep. of),IRN,979435,33,0,0,0,
460,2019,Iran (Islamic Rep. of),Iran (Islamic Rep. of),IRN,979435,35,0,0,0,
461,2020,Iran (Islamic Rep. of),Iran (Islamic Rep. of),IRN,800025,34,0,34,0,
462,2021,Iran (Islamic Rep. of),Iran (Islamic Rep. of),IRN,800025,34,0,34,0,
463,2016,Iraq,Iraq,IRQ,261863,11488,3604285,48200,3161,13.78737302
464,2017,Iraq,Iraq,IRQ,277668,13035,2615988,47630,0,-1.819750351
465,2018,Iraq,Iraq,IRQ,283018,14013,1802832,47515,6,2.633850991
466,2019,Iraq,Iraq,IRQ,273986,12938,1414632,47253,10,5.957327503
467,2020,Iraq,Iraq,IRQ,270377,12670,1224108,47253,5,-15.67309279
468,2021,Iraq,Iraq,IRQ,272215,11167,1198940,47253,28,
469,2016,Ireland,Ireland,IRL,5720,4221,0,99,0,2.042232527
470,2017,Ireland,Ireland,IRL,6394,5991,0,99,0,8.940012772
471,2018,Ireland,Ireland,IRL,6012,7159,0,99,0,9.0301611
472,2019,Ireland,Ireland,IRL,7795,7890,0,99,0,4.917006978
473,2020,Ireland,Ireland,IRL,9035,7393,0,107,99,5.866975509
474,2021,Ireland,Ireland,IRL,9421,7002,0,107,99,
475,2016,Israel,Israel,ISR,30529,21274,0,42,0,4.462753818
476,2017,Israel,Israel,ISR,25657,29704,0,42,0,4.377044428
477,2018,Israel,Israel,ISR,18554,35569,0,42,0,3.983424594
478,2019,Israel,Israel,ISR,16107,38479,0,42,0,3.77358981
479,2020,Israel,Israel,ISR,1843,32518,0,42,10003,-2.153428489
480,2021,Israel,Israel,ISR,1860,29156,0,42,10457,
481,2016,Italy,Italy,ITA,147362,99896,0,701,0,1.293462732
482,2017,Italy,Italy,ITA,167330,186645,0,715,0,1.667859041
483,2018,Italy,Italy,ITA,189227,105606,0,732,0,0.925810941
484,2019,Italy,Italy,ITA,207602,47030,0,15822,0,0.410278294
485,2020,Italy,Italy,ITA,128033,53901,0,3000,0,-8.9385925
486,2021,Italy,Italy,ITA,134499,53686,0,3000,0,
487,2016,Jamaica,Jamaica,JAM,13,8,0,0,0,1.375223064
488,2017,Jamaica,Jamaica,JAM,13,8,0,0,0,0.997123062
489,2018,Jamaica,Jamaica,JAM,13,21,0,0,0,1.889923681
490,2019,Jamaica,Jamaica,JAM,0,5,0,0,0,0.892291654
491,2020,Jamaica,Jamaica,JAM,27,5,0,0,0,-10
492,2021,Jamaica,Jamaica,JAM,27,5,0,0,0,
493,2016,Japan,Japan,JPN,2512,18801,0,626,0,0.753826746
494,2017,Japan,Japan,JPN,2189,31204,0,585,0,1.675331752
495,2018,Japan,Japan,JPN,1893,29040,0,709,0,0.558851275
496,2019,Japan,Japan,JPN,1463,29123,0,687,0,0.270304645
497,2020,Japan,Japan,JPN,1132,23765,0,707,0,-4.585508281
498,2021,Japan,Japan,JPN,1132,23765,0,707,0,
499,2016,Jordan,Jordan,JOR,685188,35600,0,0,0,1.994180849
500,2017,Jordan,Jordan,JOR,691015,43809,0,0,0,2.087114551
501,2018,Jordan,Jordan,JOR,715298,52536,0,0,1386,1.934091701
502,2019,Jordan,Jordan,JOR,693668,51432,0,0,2117,1.955466358
503,2020,Jordan,Jordan,JOR,702461,4866,0,18,988,-1.551384466
504,2021,Jordan,Jordan,JOR,708308,48368,0,63,1003,
505,2016,Kazakhstan,Kazakhstan,KAZ,647,133,0,8451,0,1.1
506,2017,Kazakhstan,Kazakhstan,KAZ,602,207,0,8138,0,4.1
507,2018,Kazakhstan,Kazakhstan,KAZ,568,190,0,7690,0,4.1
508,2019,Kazakhstan,Kazakhstan,KAZ,518,212,0,8386,0,4.5
509,2020,Kazakhstan,Kazakhstan,KAZ,440,223,0,7999,0,-2.5
510,2021,Kazakhstan,Kazakhstan,KAZ,399,236,0,7915,0,
511,2016,Kenya,Kenya,KEN,451097,43748,0,20000,0,4.213517068
512,2017,Kenya,Kenya,KEN,431895,56499,0,18500,0,3.815506427
513,2018,Kenya,Kenya,KEN,421243,50458,0,18500,0,5.62910144
514,2019,Kenya,Kenya,KEN,438899,53008,0,18500,0,4.981132628
515,2020,Kenya,Kenya,KEN,452916,51916,0,16820,44000,-0.316182729
516,2021,Kenya,Kenya,KEN,466286,54878,0,16820,44000,
517,2016,Kuwait,Kuwait,KWT,935,823,0,93000,0,2.925868226
518,2017,Kuwait,Kuwait,KWT,613,948,0,92000,0,-4.712106209
519,2018,Kuwait,Kuwait,KWT,671,983,0,92000,16,1.246129408
520,2019,Kuwait,Kuwait,KWT,686,1079,0,92020,0,0.42746394
521,2020,Kuwait,Kuwait,KWT,732,1054,0,92000,20,-8.685261653
522,2021,Kuwait,Kuwait,KWT,740,1090,0,92020,20,
523,2016,Kyrgyzstan,Kyrgyzstan,KGZ,334,120,0,2334,0,
524,2017,Kyrgyzstan,Kyrgyzstan,KGZ,334,107,0,855,0,
525,2018,Kyrgyzstan,Kyrgyzstan,KGZ,329,105,0,548,0,
526,2019,Kyrgyzstan,Kyrgyzstan,KGZ,347,164,0,58,0,
527,2020,Kyrgyzstan,Kyrgyzstan,KGZ,334,343,0,18,0,
528,2021,Kyrgyzstan,Kyrgyzstan,KGZ,327,452,0,16,0,
529,2016,Latvia,Latvia,LVA,340,151,0,242736,0,2.367609543
530,2017,Latvia,Latvia,LVA,653,54,0,233571,0,3.31308889
531,2018,Latvia,Latvia,LVA,664,45,0,224844,0,3.989480387
532,2019,Latvia,Latvia,LVA,665,41,0,216851,0,2.484326355
533,2020,Latvia,Latvia,LVA,637,73,0,209168,0,-3.618565992
534,2021,Latvia,Latvia,LVA,678,23,0,209168,0,
535,2016,Lebanon,Lebanon,LBN,1012959,13724,0,0,4574,1.582054551
536,2017,Lebanon,Lebanon,LBN,998876,15321,0,0,4183,0.782014001
537,2018,Lebanon,Lebanon,LBN,949653,16404,0,0,3518,-1.702174807
538,2019,Lebanon,Lebanon,LBN,916141,12119,0,0,7875,-7.15724707
539,2020,Lebanon,Lebanon,LBN,870388,10278,0,0,7149,-21.46426628
540,2021,Lebanon,Lebanon,LBN,856758,8932,0,0,6980,
541,2016,Lesotho,Lesotho,LSO,46,5,0,0,0,3.588364597
542,2017,Lesotho,Lesotho,LSO,55,28,0,0,0,-3.141949946
543,2018,Lesotho,Lesotho,LSO,56,36,0,0,0,-1.223137311
544,2019,Lesotho,Lesotho,LSO,143,78,0,0,0,-0.381431982
545,2020,Lesotho,Lesotho,LSO,271,179,0,0,0,-9.614037019
546,2021,Lesotho,Lesotho,LSO,295,219,0,0,0,
547,2016,Liberia,Liberia,LBR,18978,14,0,0,1479,-1.554958617
548,2017,Liberia,Liberia,LBR,11109,30,0,0,374,2.45515592
549,2018,Liberia,Liberia,LBR,9103,40,0,0,0,1.157575122
550,2019,Liberia,Liberia,LBR,8225,11,0,0,0,-2.467297635
551,2020,Liberia,Liberia,LBR,8213,10668,0,0,0,-2.982916281
552,2021,Liberia,Liberia,LBR,8441,30017,0,0,0,
553,2016,Libya,Libya,LBY,9311,29221,174510,0,0,-2.79546889
554,2017,Libya,Libya,LBY,9352,35650,180937,0,0,26.68090263
555,2018,Libya,Libya,LBY,8792,47403,170491,0,0,15.13279989
556,2019,Libya,Libya,LBY,4730,42796,355672,0,0,2.535953478
557,2020,Libya,Libya,LBY,4149,40039,278177,0,0,-31.30000005
558,2021,Libya,Libya,LBY,3701,39434,223949,0,0,
559,2016,Liechtenstein,Liechtenstein,LIE,161,78,0,0,0,
560,2017,Liechtenstein,Liechtenstein,LIE,164,79,0,0,0,
561,2018,Liechtenstein,Liechtenstein,LIE,166,70,0,0,0,
562,2019,Liechtenstein,Liechtenstein,LIE,125,29,0,0,0,
563,2020,Liechtenstein,Liechtenstein,LIE,129,20,0,0,0,
564,2021,Liechtenstein,Liechtenstein,LIE,131,15,0,0,0,
565,2016,Lithuania,Lithuania,LTU,1284,147,0,3466,0,2.518828273
566,2017,Lithuania,Lithuania,LTU,1577,249,0,3193,0,4.282596951
567,2018,Lithuania,Lithuania,LTU,1731,273,0,3039,0,3.993310328
568,2019,Lithuania,Lithuania,LTU,1822,408,0,2904,0,4.573771737
569,2020,Lithuania,Lithuania,LTU,1880,122,0,2721,0,-0.132431461
570,2021,Lithuania,Lithuania,LTU,1880,455,0,2721,0,
571,2016,Luxembourg,Luxembourg,LUX,2020,2186,0,83,0,4.978190437
572,2017,Luxembourg,Luxembourg,LUX,2020,1495,0,83,0,1.317187663
573,2018,Luxembourg,Luxembourg,LUX,2020,1485,0,83,0,2.00437712
574,2019,Luxembourg,Luxembourg,LUX,2548,1785,0,83,0,3.283806756
575,2020,Luxembourg,Luxembourg,LUX,5158,1400,0,194,85,-1.776240229
576,2021,Luxembourg,Luxembourg,LUX,5158,1580,0,194,85,
577,2016,Madagascar,Madagascar,MDG,22,27,0,0,0,3.993146064
578,2017,Madagascar,Madagascar,MDG,39,57,0,0,0,3.933307595
579,2018,Madagascar,Madagascar,MDG,39,90,0,0,0,3.194356515
580,2019,Madagascar,Madagascar,MDG,113,128,0,0,0,4.41123213
581,2020,Madagascar,Madagascar,MDG,112,189,0,0,0,-7.140611591
582,2021,Madagascar,Madagascar,MDG,156,129,0,0,9,
583,2016,Malawi,Malawi,MWI,9386,21022,0,0,0,2.484040625
584,2017,Malawi,Malawi,MWI,8977,25987,0,0,357,4.000030517
585,2018,Malawi,Malawi,MWI,13783,23135,0,0,320,4.391688296
586,2019,Malawi,Malawi,MWI,14087,30824,0,0,239,5.448181336
587,2020,Malawi,Malawi,MWI,14892,33129,0,0,244,0.799998331
588,2021,Malawi,Malawi,MWI,16359,34461,0,0,250,
589,2016,Malaysia,Malaysia,MYS,92259,56313,0,10931,80000,4.449781398
590,2017,Malaysia,Malaysia,MYS,103837,47509,0,10068,80000,5.81272241
591,2018,Malaysia,Malaysia,MYS,121305,41801,0,9631,80000,4.84305661
592,2019,Malaysia,Malaysia,MYS,129107,50730,0,108332,55000,4.439471288
593,2020,Malaysia,Malaysia,MYS,129909,49822,0,111298,0,-5.646944836
594,2021,Malaysia,Malaysia,MYS,131101,52012,0,112003,0,
595,2016,Mali,Mali,MLI,17510,299,36690,0,0,5.852299199
596,2017,Mali,Mali,MLI,17036,554,38172,0,0,5.305456084
597,2018,Mali,Mali,MLI,26538,917,120298,0,0,4.746484327
598,2019,Mali,Mali,MLI,26672,1004,207751,0,0,4.756160808
599,2020,Mali,Mali,MLI,47380,969,332957,0,0,-1.235450447
600,2021,Mali,Mali,MLI,46885,1005,386454,0,0,
601,2016,Malta,Malta,MLT,7941,868,0,0,0,4.090917429
602,2017,Malta,Malta,MLT,7994,1349,0,11,0,8.119425289
603,2018,Malta,Malta,MLT,8579,1860,0,11,0,5.179224796
604,2019,Malta,Malta,MLT,8908,3793,0,0,0,5.539566337
605,2020,Malta,Malta,MLT,9168,4047,0,11,0,-7.001129615
606,2021,Malta,Malta,MLT,9260,3088,0,11,0,
607,2016,Mauritania,Mauritania,MRT,74147,573,0,0,0,1.260909224
608,2017,Mauritania,Mauritania,MRT,77425,746,0,0,0,6.270545694
609,2018,Mauritania,Mauritania,MRT,83184,1126,0,0,0,4.526746225
610,2019,Mauritania,Mauritania,MRT,84901,1540,0,0,0,5.75993059
611,2020,Mauritania,Mauritania,MRT,93608,1960,0,0,0,-1.763321794
612,2021,Mauritania,Mauritania,MRT,99057,2768,0,0,0,
613,2016,Mauritius,Mauritius,MUS,0,5,0,0,0,3.837932654
614,2017,Mauritius,Mauritius,MUS,5,0,0,0,0,3.814152108
615,2018,Mauritius,Mauritius,MUS,16,0,0,0,0,3.759677227
616,2019,Mauritius,Mauritius,MUS,20,5,0,0,0,3.012375903
617,2020,Mauritius,Mauritius,MUS,20,0,0,0,0,-14.89468757
618,2021,Mauritius,Mauritius,MUS,20,0,0,0,0,
619,2016,Mexico,Mexico,MEX,6178,2636,0,13,0,2.630532425
620,2017,Mexico,Mexico,MEX,8993,10357,0,13,0,2.113129135
621,2018,Mexico,Mexico,MEX,16530,23833,0,13,82993,2.194994725
622,2019,Mexico,Mexico,MEX,28517,70319,0,13,140710,-0.176599456
623,2020,Mexico,Mexico,MEX,45434,83792,0,13,73635,-8.309034659
624,2021,Mexico,Mexico,MEX,58050,114536,0,13,78547,
625,2016,Micronesia (Federated States of),Micronesia (Federated States of),FSM,5,0,0,0,0,
626,2016,Monaco,Monaco,MCO,27,0,0,0,0,3.451551047
627,2017,Monaco,Monaco,MCO,25,0,0,0,0,-3.500961422
628,2018,Monaco,Monaco,MCO,25,0,0,0,0,5.95627042
629,2019,Monaco,Monaco,MCO,22,0,0,0,0,6.905665492
630,2020,Monaco,Monaco,MCO,22,0,0,0,0,-11.75277338
631,2021,Monaco,Monaco,MCO,22,0,0,0,0,
632,2016,Mongolia,Mongolia,MNG,10,0,0,14,0,1.489784485
633,2017,Mongolia,Mongolia,MNG,5,5,0,17,5,5.63687639
634,2018,Mongolia,Mongolia,MNG,5,0,0,17,5,7.74488062
635,2019,Mongolia,Mongolia,MNG,0,5,0,17,10,5.602244219
636,2020,Mongolia,Mongolia,MNG,0,10,0,0,8,-4.557751973
637,2021,Mongolia,Mongolia,MNG,0,0,0,17,11,
638,2016,Montenegro,Montenegro,MNE,970,73,0,3237,11451,2.949280321
639,2017,Montenegro,Montenegro,MNE,794,173,0,145,11703,4.716465276
640,2018,Montenegro,Montenegro,MNE,727,162,0,145,12293,5.077888811
641,2019,Montenegro,Montenegro,MNE,653,485,0,142,12275,4.062944992
642,2020,Montenegro,Montenegro,MNE,166,193,0,472,1094,-15.30689376
643,2021,Montenegro,Montenegro,MNE,172,139,0,458,1094,
644,2016,Morocco,Morocco,MAR,4762,1943,0,0,0,1.05985639
645,2017,Morocco,Morocco,MAR,4703,2050,0,0,0,4.254603273
646,2018,Morocco,Morocco,MAR,5932,1829,0,0,0,3.148502656
647,2019,Morocco,Morocco,MAR,6642,3313,0,0,0,2.607935495
648,2020,Morocco,Morocco,MAR,6505,7011,0,0,0,-6.29325316
649,2021,Morocco,Morocco,MAR,6920,8023,0,0,0,
650,2016,Mozambique,Mozambique,MOZ,4663,12976,15128,0,0,3.824214319
651,2017,Mozambique,Mozambique,MOZ,4876,18795,15128,0,0,3.741317593
652,2018,Mozambique,Mozambique,MOZ,4910,21133,0,0,0,3.44381384
653,2019,Mozambique,Mozambique,MOZ,4713,20975,180516,0,0,2.31460601
654,2020,Mozambique,Mozambique,MOZ,4757,22442,668038,0,0,-1.233905711
655,2021,Mozambique,Mozambique,MOZ,4768,23400,788091,0,0,
656,2016,Myanmar,Myanmar,MMR,0,0,375016,925939,0,10.50778078
657,2017,Myanmar,Myanmar,MMR,0,0,353108,621514,0,5.7500645
658,2018,Myanmar,Myanmar,MMR,0,0,370306,620939,0,6.404977325
659,2019,Myanmar,Myanmar,MMR,0,0,312018,600000,0,6.750460146
660,2020,Myanmar,Myanmar,MMR,0,0,370320,600000,0,3.1737744
661,2021,Myanmar,Myanmar,MMR,0,0,569591,600000,0,
662,2016,Namibia,Namibia,NAM,1747,1664,0,0,48,0.03379445
663,2017,Namibia,Namibia,NAM,2182,1889,0,0,7,-1.027250827
664,2018,Namibia,Namibia,NAM,2394,1516,0,0,7,1.059943471
665,2019,Namibia,Namibia,NAM,3182,1906,0,0,7,-0.88809916
666,2020,Namibia,Namibia,NAM,3578,2214,0,0,7,-8.500149038
667,2021,Namibia,Namibia,NAM,3537,2265,0,0,0,
668,2016,Nauru,Nauru,NRU,508,309,0,0,0,3.571428571
669,2017,Nauru,Nauru,NRU,964,126,0,0,0,-5.747126437
670,2018,Nauru,Nauru,NRU,964,416,0,0,0,6.097560976
671,2019,Nauru,Nauru,NRU,755,415,0,0,0,0
672,2020,Nauru,Nauru,NRU,1074,90,0,142,0,1.149425287
673,2021,Nauru,Nauru,NRU,964,77,0,133,6,
674,2016,Nepal,Nepal,NPL,25249,71,0,0,849,0.433113719
675,2017,Nepal,Nepal,NPL,21467,148,0,0,625,8.977279356
676,2018,Nepal,Nepal,NPL,20804,51,0,0,542,7.622376105
677,2019,Nepal,Nepal,NPL,19570,57,0,0,534,6.657055428
678,2020,Nepal,Nepal,NPL,19555,42,0,371,560,-2.088378695
679,2021,Nepal,Nepal,NPL,19552,64,0,395,553,
680,2016,Netherlands,Netherlands,NLD,101727,10369,0,1951,0,2.191713719
681,2017,Netherlands,Netherlands,NLD,103843,5818,0,1951,0,2.910902513
682,2018,Netherlands,Netherlands,NLD,101824,12303,0,1951,0,2.360915095
683,2019,Netherlands,Netherlands,NLD,94417,15599,0,1951,0,1.955588416
684,2020,Netherlands,Netherlands,NLD,95898,11882,0,2006,0,-3.798635993
685,2021,Netherlands,Netherlands,NLD,97621,7391,0,2087,0,
686,2016,New Zealand,New Zealand,NZL,1408,298,0,0,0,3.730079893
687,2017,New Zealand,New Zealand,NZL,1465,391,0,0,0,3.613281553
688,2018,New Zealand,New Zealand,NZL,1545,446,0,0,0,3.20574788
689,2019,New Zealand,New Zealand,NZL,1709,558,0,0,0,1.633932613
690,2020,New Zealand,New Zealand,NZL,1748,691,0,0,0,1.862851533
691,2021,New Zealand,New Zealand,NZL,1785,662,0,0,0,
692,2016,Nicaragua,Nicaragua,NIC,325,338,0,0,0,4.562954429
693,2017,Nicaragua,Nicaragua,NIC,322,407,0,0,0,4.632533981
694,2018,Nicaragua,Nicaragua,NIC,321,126,0,0,357,-3.363687646
695,2019,Nicaragua,Nicaragua,NIC,322,126,0,0,510,-3.674794578
696,2020,Nicaragua,Nicaragua,NIC,311,126,0,0,563,-1.977329393
697,2021,Nicaragua,Nicaragua,NIC,311,126,0,0,574,
698,2016,Niger,Niger,NER,166089,61,121391,0,14678,5.740893151
699,2017,Niger,Niger,NER,165729,278,129015,0,14820,5.001359945
700,2018,Niger,Niger,NER,175413,3547,156137,0,27142,7.210803008
701,2019,Niger,Niger,NER,179997,38077,191902,0,32072,5.941396863
702,2020,Niger,Niger,NER,233293,3285,298458,0,38127,3.580006403
703,2021,Niger,Niger,NER,245449,3102,319895,0,43112,
704,2016,Nigeria,Nigeria,NGA,1357,464,2219272,0,0,-1.61686895
705,2017,Nigeria,Nigeria,NGA,1910,8650,1704080,0,0,0.80588662
706,2018,Nigeria,Nigeria,NGA,34727,940,2167925,0,0,1.922757342
707,2019,Nigeria,Nigeria,NGA,54157,1033,2195779,0,0,2.208429277
708,2020,Nigeria,Nigeria,NGA,66056,2787,2610278,0,0,-1.794253082
709,2021,Nigeria,Nigeria,NGA,71362,1677,2762562,0,0,
710,2016,North Macedonia,North Macedonia,MKD,634,15,0,600,0,2.848205194
711,2017,North Macedonia,North Macedonia,MKD,414,26,0,590,0,1.081772738
712,2018,North Macedonia,North Macedonia,MKD,413,5,0,571,0,2.88059671
713,2019,North Macedonia,North Macedonia,MKD,354,75,0,567,0,3.910419538
714,2020,North Macedonia,North Macedonia,MKD,304,21,0,558,0,-5.208444057
715,2021,North Macedonia,North Macedonia,MKD,296,17,0,553,2882,
716,2016,Norway,Norway,NOR,59512,7505,0,3251,0,1.071558977
717,2017,Norway,Norway,NOR,59230,2952,0,3282,0,2.323290208
718,2018,Norway,Norway,NOR,57004,2246,0,2809,0,1.118828479
719,2019,Norway,Norway,NOR,53882,1540,0,2272,0,0.745798219
720,2020,Norway,Norway,NOR,49653,1083,0,4206,0,-0.717182669
721,2021,Norway,Norway,NOR,47710,873,0,4154,0,
722,2016,Oman,Oman,OMN,316,365,0,0,0,5.046423946
723,2017,Oman,Oman,OMN,308,398,0,0,0,0.304057566
724,2018,Oman,Oman,OMN,310,254,0,0,0,1.287103915
725,2019,Oman,Oman,OMN,308,254,0,0,0,-1.129206457
726,2020,Oman,Oman,OMN,308,330,0,0,0,-3.20093599
727,2021,Oman,Oman,OMN,307,330,0,0,0,
728,2016,Pakistan,Pakistan,PAK,1352551,4854,448956,0,0,5.526735845
729,2017,Pakistan,Pakistan,PAK,1393132,3487,174354,0,0,5.554277437
730,2018,Pakistan,Pakistan,PAK,1404008,5170,96384,0,0,5.836417498
731,2019,Pakistan,Pakistan,PAK,1419596,8546,100680,0,0,1.144749605
732,2020,Pakistan,Pakistan,PAK,1438940,9794,98898,47,62,-0.935389533
733,2021,Pakistan,Pakistan,PAK,1438523,10192,98898,47,72,
734,2016,Panama,Panama,PAN,17332,4465,0,0,0,4.953434937
735,2017,Panama,Panama,PAN,2417,7289,0,0,48900,5.591328274
736,2018,Panama,Panama,PAN,2501,13602,0,0,0,3.685344349
737,2019,Panama,Panama,PAN,2536,17673,0,0,0,2.979715461
738,2020,Panama,Panama,PAN,2562,12892,0,0,0,-17.944864
739,2021,Panama,Panama,PAN,2542,11630,0,0,0,
740,2016,Papua New Guinea,Papua New Guinea,PNG,9529,16,0,0,0,5.489573153
741,2017,Papua New Guinea,Papua New Guinea,PNG,10018,0,0,0,0,3.534610818
742,2018,Papua New Guinea,Papua New Guinea,PNG,10022,151,0,0,0,-0.279252285
743,2019,Papua New Guinea,Papua New Guinea,PNG,9698,132,0,0,0,4.480430608
744,2020,Papua New Guinea,Papua New Guinea,PNG,10781,108,14000,10,0,-3.5
745,2021,Papua New Guinea,Papua New Guinea,PNG,11862,104,14000,9,0,
746,2016,Paraguay,Paraguay,PRY,199,31,0,0,0,4.268025833
747,2017,Paraguay,Paraguay,PRY,200,69,0,0,0,4.810078856
748,2018,Paraguay,Paraguay,PRY,260,350,0,0,0,3.204250341
749,2019,Paraguay,Paraguay,PRY,1014,680,0,0,0,-0.401855101
750,2020,Paraguay,Paraguay,PRY,1686,1452,0,0,0,-0.565695447
751,2021,Paraguay,Paraguay,PRY,3041,1102,0,0,0,
752,2016,Peru,Peru,PER,1615,4368,0,0,0,3.953318715
753,2017,Peru,Peru,PER,1788,37728,0,0,31224,2.518835442
754,2018,Peru,Peru,PER,2506,230845,0,0,0,3.96915687
755,2019,Peru,Peru,PER,2850,487049,0,0,0,2.203974749
756,2020,Peru,Peru,PER,4272,537552,0,0,500353,-11.14881188
757,2021,Peru,Peru,PER,4895,536779,0,0,500353,
758,2016,Philippines,Philippines,PHL,392,205,87418,4636,68,7.14945675
759,2017,Philippines,Philippines,PHL,512,210,311943,2678,68,6.930988326
760,2018,Philippines,Philippines,PHL,631,238,77651,1068,68,6.341485571
761,2019,Philippines,Philippines,PHL,680,319,178897,383,129734,6.118525663
762,2020,Philippines,Philippines,PHL,709,397,150368,388,129513,-9.573029875
763,2021,Philippines,Philippines,PHL,794,519,120640,392,129372,
764,2016,Poland,Poland,POL,11738,3412,0,10825,0,3.141725778
765,2017,Poland,Poland,POL,12225,2878,0,10825,0,4.830656005
766,2018,Poland,Poland,POL,12495,3059,0,10825,0,5.353703355
767,2019,Poland,Poland,POL,12658,4783,0,1328,0,4.744950156
768,2020,Poland,Poland,POL,2771,3602,0,1390,0,-2.540658682
769,2021,Poland,Poland,POL,3166,3937,0,1389,0,
770,2016,Portugal,Portugal,PRT,1189,850,0,14,0,2.019485396
771,2017,Portugal,Portugal,PRT,1619,45,0,14,0,3.506345285
772,2018,Portugal,Portugal,PRT,2130,85,0,14,0,2.849325934
773,2019,Portugal,Portugal,PRT,2375,1057,0,14,0,2.682759921
774,2020,Portugal,Portugal,PRT,2405,1154,0,45,14,-8.442456428
775,2021,Portugal,Portugal,PRT,2650,303,0,45,14,
776,2016,Qatar,Qatar,QAT,176,143,0,1200,0,3.064191884
777,2017,Qatar,Qatar,QAT,188,123,0,1200,0,-1.497604702
778,2018,Qatar,Qatar,QAT,189,91,0,1200,0,1.234872202
779,2019,Qatar,Qatar,QAT,202,99,0,1200,0,0.68824096
780,2020,Qatar,Qatar,QAT,201,243,0,1200,0,-3.557603999
781,2021,Qatar,Qatar,QAT,200,243,0,1200,0,
782,2016,Rep. of Korea,Rep. of Korea,KOR,1798,6835,0,197,0,
783,2017,Rep. of Korea,Rep. of Korea,KOR,2238,9559,0,197,0,
784,2018,Rep. of Korea,Rep. of Korea,KOR,2890,19827,0,197,0,
785,2019,Rep. of Korea,Rep. of Korea,KOR,3196,25562,0,197,0,
786,2020,Rep. of Korea,Rep. of Korea,KOR,3443,20073,0,204,0,
787,2021,Rep. of Korea,Rep. of Korea,KOR,3503,14107,0,204,0,
788,2016,Rep. of Moldova,Rep. of Moldova,MDA,419,75,0,4776,0,
789,2017,Rep. of Moldova,Rep. of Moldova,MDA,391,61,0,4569,0,
790,2018,Rep. of Moldova,Rep. of Moldova,MDA,409,93,0,4451,0,
791,2019,Rep. of Moldova,Rep. of Moldova,MDA,417,94,0,3500,0,
792,2020,Rep. of Moldova,Rep. of Moldova,MDA,405,59,0,3405,0,
793,2021,Rep. of Moldova,Rep. of Moldova,MDA,405,42,0,3372,0,
794,2016,Romania,Romania,ROU,2880,72,0,249,0,4.702997747
795,2017,Romania,Romania,ROU,3911,1514,0,238,0,7.319448529
796,2018,Romania,Romania,ROU,4134,1476,0,227,0,4.474523775
797,2019,Romania,Romania,ROU,3860,916,0,192,0,4.188260341
798,2020,Romania,Romania,ROU,3581,2242,0,277,183,-3.930454057
799,2021,Romania,Romania,ROU,3776,1723,0,314,181,
800,2016,Russian Federation,Russian Federation,RUS,228981,3025,0,90771,0,0.193690072
801,2017,Russian Federation,Russian Federation,RUS,126021,2168,0,82148,0,1.825790064
802,2018,Russian Federation,Russian Federation,RUS,77382,1361,0,75679,0,2.80724541
803,2019,Russian Federation,Russian Federation,RUS,42413,1445,0,68209,0,2.032982739
804,2020,Russian Federation,Russian Federation,RUS,20260,813,0,60185,0,-2.951273899
805,2021,Russian Federation,Russian Federation,RUS,15052,1091,0,56960,0,
806,2016,Rwanda,Rwanda,RWA,156065,456,0,0,1444,5.970744298
807,2017,Rwanda,Rwanda,RWA,170991,438,0,0,1844,3.976289694
808,2018,Rwanda,Rwanda,RWA,145359,423,0,0,3734,8.579424541
809,2019,Rwanda,Rwanda,RWA,145054,613,0,0,5323,9.460682482
810,2020,Rwanda,Rwanda,RWA,139491,465,0,0,13640,-3.355472122
811,2021,Rwanda,Rwanda,RWA,122806,228,0,9500,13425,
812,2017,Saint Kitts and Nevis,Saint Kitts and Nevis,KNA,0,5,0,0,0,
813,2018,Saint Kitts and Nevis,Saint Kitts and Nevis,KNA,5,0,0,0,0,
814,2019,Saint Kitts and Nevis,Saint Kitts and Nevis,KNA,5,0,0,0,0,
815,2020,Saint Kitts and Nevis,Saint Kitts and Nevis,KNA,0,0,0,0,0,
816,2021,Saint Kitts and Nevis,Saint Kitts and Nevis,KNA,0,0,0,0,0,
817,2019,Saint Vincent and the Grenadines,Saint Vincent and the Grenadines,VCT,0,0,0,0,0,
818,2020,Saint Vincent and the Grenadines,Saint Vincent and the Grenadines,VCT,0,0,0,0,0,
819,2021,Saint Vincent and the Grenadines,Saint Vincent and the Grenadines,VCT,0,0,0,0,0,
820,2016,Samoa,Samoa,WSM,5,0,0,0,0,8.126249353
821,2017,Samoa,Samoa,WSM,5,0,0,0,0,1.042433719
822,2018,Samoa,Samoa,WSM,5,0,0,0,0,-1.233162407
823,2016,Saudi Arabia,Saudi Arabia,SAU,136,51,0,70000,0,1.670624758
824,2017,Saudi Arabia,Saudi Arabia,SAU,153,82,0,70000,0,-0.741502653
825,2018,Saudi Arabia,Saudi Arabia,SAU,263,2167,0,70000,0,2.434110781
826,2019,Saudi Arabia,Saudi Arabia,SAU,315,2327,0,70000,0,0.331435729
827,2020,Saudi Arabia,Saudi Arabia,SAU,330,9434,0,70000,0,-4.106583413
828,2021,Saudi Arabia,Saudi Arabia,SAU,335,10116,0,70000,0,
829,2016,Senegal,Senegal,SEN,14575,3213,0,0,0,6.356068572
830,2017,Senegal,Senegal,SEN,14646,3368,0,0,0,7.407486186
831,2018,Senegal,Senegal,SEN,14359,1699,0,0,0,6.209241034
832,2019,Senegal,Senegal,SEN,14467,1791,0,0,0,4.402406836
833,2020,Senegal,Senegal,SEN,14361,1913,0,0,0,1.499763427
834,2021,Senegal,Senegal,SEN,14505,2005,0,0,0,
835,2016,Serbia and Kosovo: S/RES/1244 (1999),#N/A,SRB,36518,122,219633,2373,0,
836,2017,Serbia and Kosovo: S/RES/1244 (1999),#N/A,SRB,32206,137,217453,2155,0,
837,2018,Serbia and Kosovo: S/RES/1244 (1999),#N/A,SRB,30946,217,215794,2052,0,
838,2019,Serbia and Kosovo: S/RES/1244 (1999),#N/A,SRB,26427,267,214696,1951,5833,
839,2020,Serbia and Kosovo: S/RES/1244 (1999),#N/A,SRB,26090,302,213018,2145,6514,
840,2021,Serbia and Kosovo: S/RES/1244 (1999),#N/A,SRB,25641,220,211868,2113,3826,
841,2016,Sierra Leone,Sierra Leone,SLE,683,5,0,0,0,6.055474029
842,2017,Sierra Leone,Sierra Leone,SLE,678,0,0,0,0,4.192610074
843,2018,Sierra Leone,Sierra Leone,SLE,591,0,0,0,0,3.46460214
844,2019,Sierra Leone,Sierra Leone,SLE,441,0,0,0,0,5.254241203
845,2020,Sierra Leone,Sierra Leone,SLE,342,0,0,0,0,-1.96894782
846,2021,Sierra Leone,Sierra Leone,SLE,342,0,0,0,0,
847,2018,Singapore,Singapore,SGP,0,0,0,1303,0,3.497469601
848,2019,Singapore,Singapore,SGP,0,0,0,1303,0,1.345217486
849,2020,Singapore,Singapore,SGP,0,0,0,1109,0,-5.391021406
850,2021,Singapore,Singapore,SGP,0,0,0,1109,0,
851,2016,Sint Maarten (Dutch part),Sint Maarten (Dutch part),SXM,5,5,0,0,0,0.5
852,2017,Sint Maarten (Dutch part),Sint Maarten (Dutch part),SXM,5,0,0,0,0,-5.8
853,2018,Sint Maarten (Dutch part),Sint Maarten (Dutch part),SXM,5,0,0,0,0,-6.6
854,2019,Sint Maarten (Dutch part),Sint Maarten (Dutch part),SXM,5,5,0,0,0,
855,2020,Sint Maarten (Dutch part),Sint Maarten (Dutch part),SXM,0,8,0,0,0,
856,2021,Sint Maarten (Dutch part),Sint Maarten (Dutch part),SXM,0,9,0,0,0,
857,2016,Slovakia,Slovakia,SVK,980,38,0,1523,46,
858,2017,Slovakia,Slovakia,SVK,912,26,0,1523,10,
859,2018,Slovakia,Slovakia,SVK,938,17,0,1523,0,
860,2019,Slovakia,Slovakia,SVK,965,5,0,1523,0,
861,2020,Slovakia,Slovakia,SVK,1006,44,0,1532,0,
862,2021,Slovakia,Slovakia,SVK,1012,53,0,1532,0,
863,2016,Slovenia,Slovenia,SVN,454,309,0,5,0,3.191852518
864,2017,Slovenia,Slovenia,SVN,611,264,0,5,0,4.815380632
865,2018,Slovenia,Slovenia,SVN,746,245,0,5,0,4.422521568
866,2019,Slovenia,Slovenia,SVN,741,315,0,5,0,3.250531336
867,2020,Slovenia,Slovenia,SVN,823,277,0,8,5,-4.229261389
868,2021,Slovenia,Slovenia,SVN,833,253,0,0,57,
869,2018,Solomon Islands,Solomon Islands,SLB,0,5,0,0,0,3.94424955
870,2016,Somalia,Somalia,SOM,11579,12792,1562554,0,130,8.399345781
871,2017,Somalia,Somalia,SOM,14565,14706,2116705,0,129,2.592560223
872,2018,Somalia,Somalia,SOM,16738,16361,2648001,0,380,7.678879802
873,2019,Somalia,Somalia,SOM,17882,17793,2648000,0,152,8.081440022
874,2020,Somalia,Somalia,SOM,11220,13229,2967500,0,8,2.440210973
875,2021,Somalia,Somalia,SOM,11959,13536,2967500,0,13,
876,2016,South Africa,South Africa,ZAF,91018,218275,0,0,0,0.664552308
877,2017,South Africa,South Africa,ZAF,88694,191333,0,0,0,1.157946952
878,2018,South Africa,South Africa,ZAF,89285,184193,0,0,0,1.487617373
879,2019,South Africa,South Africa,ZAF,78395,188235,0,0,0,0.113053697
880,2020,South Africa,South Africa,ZAF,76729,173461,0,0,0,-6.431974826
881,2021,South Africa,South Africa,ZAF,76729,173461,0,0,0,
882,2016,South Sudan,South Sudan,SSD,262558,1790,1853924,0,0,
883,2017,South Sudan,South Sudan,SSD,283405,1895,1903953,0,10000,
884,2018,South Sudan,South Sudan,SSD,291838,2535,1878154,0,10000,
885,2019,South Sudan,South Sudan,SSD,298309,3678,1665815,0,10000,
886,2020,South Sudan,South Sudan,SSD,314438,3763,1600254,10000,250000,
887,2021,South Sudan,South Sudan,SSD,320879,3961,1710966,10000,250000,
888,2016,Spain,Spain,ESP,12983,20360,0,1011,0,3.03130133
889,2017,Spain,Spain,ESP,17541,34866,0,1596,0,2.973641191
890,2018,Spain,Spain,ESP,20437,78685,0,2455,0,2.288785676
891,2019,Spain,Spain,ESP,57751,133030,0,4246,0,2.085191421
892,2020,Spain,Spain,ESP,103624,103385,0,5914,5904,-10.82288649
893,2021,Spain,Spain,ESP,115258,91585,0,6092,6081,
894,2016,Sri Lanka,Sri Lanka,LKA,602,573,39730,0,0,4.486634531
895,2017,Sri Lanka,Sri Lanka,LKA,820,629,39322,0,0,3.578169679
896,2018,Sri Lanka,Sri Lanka,LKA,796,744,35473,0,0,3.272000479
897,2019,Sri Lanka,Sri Lanka,LKA,1041,361,25110,0,0,2.255176529
898,2020,Sri Lanka,Sri Lanka,LKA,1008,224,25013,35,0,-3.569076137
899,2021,Sri Lanka,Sri Lanka,LKA,952,211,11273,0,0,
900,2016,Sudan,Sudan,SDN,421459,16056,2225557,0,3758,3.467642184
901,2017,Sudan,Sudan,SDN,906590,18212,1997022,0,3873,0.709256285
902,2018,Sudan,Sudan,SDN,1078280,17619,1864195,0,3725,-2.68093055
903,2019,Sudan,Sudan,SDN,1055489,15748,1885782,0,3691,-2.178251045
904,2020,Sudan,Sudan,SDN,1040288,16023,2552174,0,3698,-3.629805626
905,2021,Sudan,Sudan,SDN,1068339,25102,2552174,0,3829,
906,2016,Suriname,Suriname,SUR,0,43,0,0,0,-4.915786469
907,2017,Suriname,Suriname,SUR,34,67,0,0,0,1.567191065
908,2018,Suriname,Suriname,SUR,41,206,0,0,0,4.948270766
909,2019,Suriname,Suriname,SUR,44,1426,0,0,0,1.098467778
910,2020,Suriname,Suriname,SUR,19,1988,0,0,0,-15.90795119
911,2021,Suriname,Suriname,SUR,19,2018,0,0,0,
912,2016,Sweden,Sweden,SWE,230158,83040,0,36036,0,2.070593151
913,2017,Sweden,Sweden,SWE,240954,51588,0,35101,0,2.567924525
914,2018,Sweden,Sweden,SWE,248210,37892,0,31819,0,1.950022846
915,2019,Sweden,Sweden,SWE,253787,28591,0,30305,0,1.986195874
916,2020,Sweden,Sweden,SWE,248370,18603,0,50414,0,-2.948127879
917,2021,Sweden,Sweden,SWE,244942,14472,0,50098,0,
918,2016,Switzerland,Switzerland,CHE,82668,30778,0,66,0,2.045186469
919,2017,Switzerland,Switzerland,CHE,93030,23728,0,62,0,1.584819616
920,2018,Switzerland,Switzerland,CHE,104011,14776,0,49,0,2.916905098
921,2019,Switzerland,Switzerland,CHE,110162,11200,0,0,0,1.210992207
922,2020,Switzerland,Switzerland,CHE,115798,6547,0,710,60,-2.392826042
923,2021,Switzerland,Switzerland,CHE,117169,5612,0,684,60,
924,2016,Syrian Arab Rep.,Syrian Arab Rep.,SYR,19807,12484,6325978,160000,13628,
925,2017,Syrian Arab Rep.,Syrian Arab Rep.,SYR,19425,18098,6150005,160000,11213,
926,2018,Syrian Arab Rep.,Syrian Arab Rep.,SYR,18817,18631,6183920,160000,7879,
927,2019,Syrian Arab Rep.,Syrian Arab Rep.,SYR,16213,12106,6146994,160000,30971,
928,2020,Syrian Arab Rep.,Syrian Arab Rep.,SYR,15304,8769,6701972,160000,30846,
929,2021,Syrian Arab Rep.,Syrian Arab Rep.,SYR,15362,8761,6786846,160000,30367,
930,2016,Tajikistan,Tajikistan,TJK,2724,431,0,17002,0,6.89999962
931,2017,Tajikistan,Tajikistan,TJK,2521,440,0,10500,0,7.100001403
932,2018,Tajikistan,Tajikistan,TJK,2654,315,0,4616,0,7.599999387
933,2019,Tajikistan,Tajikistan,TJK,3788,1413,0,7151,0,7.399999638
934,2020,Tajikistan,Tajikistan,TJK,5578,408,0,6385,0,4.499999517
935,2021,Tajikistan,Tajikistan,TJK,6780,2519,0,6141,0,
936,2016,Thailand,Thailand,THA,106431,4986,0,487741,261,3.435157717
937,2017,Thailand,Thailand,THA,104605,2046,0,486440,109,4.177681032
938,2018,Thailand,Thailand,THA,102234,934,0,478843,98,4.189585496
939,2019,Thailand,Thailand,THA,97556,855,0,475009,119,2.266433672
940,2020,Thailand,Thailand,THA,96179,852,0,480696,146,-6.098983843
941,2021,Thailand,Thailand,THA,96175,756,0,554103,132,
942,2016,Togo,Togo,TGO,12486,777,0,0,0,5.559079305
943,2017,Togo,Togo,TGO,12425,744,0,0,0,4.347748238
944,2018,Togo,Togo,TGO,12335,694,0,0,0,4.9762131
945,2019,Togo,Togo,TGO,11964,692,0,0,0,5.459921448
946,2020,Togo,Togo,TGO,10798,660,0,0,0,1.752824967
947,2021,Togo,Togo,TGO,10831,710,0,0,0,
948,2016,Trinidad and Tobago,Trinidad and Tobago,TTO,104,202,0,0,6,-5.601818139
949,2017,Trinidad and Tobago,Trinidad and Tobago,TTO,282,1975,0,0,15,-2.987340197
950,2018,Trinidad and Tobago,Trinidad and Tobago,TTO,784,9937,0,0,15,0.066049775
951,2019,Trinidad and Tobago,Trinidad and Tobago,TTO,2308,17364,0,0,200,-1.246427336
952,2020,Trinidad and Tobago,Trinidad and Tobago,TTO,3179,19926,0,0,393,-7.853939948
953,2021,Trinidad and Tobago,Trinidad and Tobago,TTO,3458,21089,0,0,389,
954,2016,Tunisia,Tunisia,TUN,646,30,0,0,5,1.117425857
955,2017,Tunisia,Tunisia,TUN,726,36,0,0,0,2.244200968
956,2018,Tunisia,Tunisia,TUN,1061,250,0,0,8,2.510907072
957,2019,Tunisia,Tunisia,TUN,1732,1635,0,0,17,1.401976676
958,2020,Tunisia,Tunisia,TUN,2580,3700,0,0,54,-9.182372594
959,2021,Tunisia,Tunisia,TUN,2678,5783,0,0,46,
960,2016,Turkey,Turkey,TUR,2869419,245926,0,780,0,3.323084208
961,2017,Turkey,Turkey,TUR,3480350,308838,0,117,0,7.501997489
962,2018,Turkey,Turkey,TUR,3681688,311699,0,117,0,2.979885235
963,2019,Turkey,Turkey,TUR,3579531,328257,0,0,0,0.889585161
964,2020,Turkey,Turkey,TUR,3652362,322188,0,0,0,1.793551396
965,2021,Turkey,Turkey,TUR,3696831,322188,0,0,0,
966,2016,Turkmenistan,Turkmenistan,TKM,26,0,0,5744,0,6.199999966
967,2017,Turkmenistan,Turkmenistan,TKM,22,0,0,3851,0,6.500000047
968,2018,Turkmenistan,Turkmenistan,TKM,21,0,0,4714,0,6.199999941
969,2019,Turkmenistan,Turkmenistan,TKM,21,0,0,3688,0,6.3
970,2020,Turkmenistan,Turkmenistan,TKM,20,0,0,3924,0,
971,2021,Turkmenistan,Turkmenistan,TKM,20,0,0,4107,0,
972,2016,Turks and Caicos Islands,Turks and Caicos Islands,TCA,5,0,0,0,0,7.251186276
973,2017,Turks and Caicos Islands,Turks and Caicos Islands,TCA,5,0,0,0,0,-2.490222604
974,2018,Turks and Caicos Islands,Turks and Caicos Islands,TCA,5,0,0,0,0,5.610954617
975,2019,Turks and Caicos Islands,Turks and Caicos Islands,TCA,5,0,0,0,0,5.324557297
976,2020,Turks and Caicos Islands,Turks and Caicos Islands,TCA,8,0,0,0,0,-26.7828754
977,2021,Turks and Caicos Islands,Turks and Caicos Islands,TCA,8,5,0,0,0,
978,2016,Uganda,Uganda,UGA,940825,41872,0,0,180000,4.781000291
979,2017,Uganda,Uganda,UGA,1350495,44635,0,0,180000,3.131405518
980,2018,Uganda,Uganda,UGA,1165646,25269,0,0,180000,6.303923781
981,2019,Uganda,Uganda,UGA,1359458,21804,0,0,2304506,6.438745034
982,2020,Uganda,Uganda,UGA,1421133,25236,0,0,2351313,2.951306422
983,2021,Uganda,Uganda,UGA,1475311,23126,0,0,2509400,
984,2016,Ukraine,Ukraine,UKR,3292,6536,1800000,35363,0,2.440981945
985,2017,Ukraine,Ukraine,UKR,3241,6210,1800000,35294,0,2.359972281
986,2018,Ukraine,Ukraine,UKR,2606,6389,1500002,35650,0,3.488362342
987,2019,Ukraine,Ukraine,UKR,2166,2400,734000,35642,1680000,3.199503862
988,2020,Ukraine,Ukraine,UKR,2249,2359,734000,35875,1620000,-4.000006101
989,2021,Ukraine,Ukraine,UKR,2310,2621,734000,35875,1620000,
990,2016,United Arab Emirates,United Arab Emirates,ARE,888,605,0,0,0,2.984216091
991,2017,United Arab Emirates,United Arab Emirates,ARE,884,1882,0,0,10,2.373551057
992,2018,United Arab Emirates,United Arab Emirates,ARE,1167,6500,0,0,97,1.189855642
993,2019,United Arab Emirates,United Arab Emirates,ARE,1242,7266,0,0,130,3.411538686
994,2020,United Arab Emirates,United Arab Emirates,ARE,1315,7229,0,5,127,-6.134500803
995,2021,United Arab Emirates,United Arab Emirates,ARE,1296,7238,0,5,125,
996,2016,United Kingdom of Great Britain and Northern Ireland,United Kingdom of Great Britain and Northern Ireland,GBR,118973,43496,0,64,0,
997,2017,United Kingdom of Great Britain and Northern Ireland,United Kingdom of Great Britain and Northern Ireland,GBR,121821,40354,0,97,0,
998,2018,United Kingdom of Great Britain and Northern Ireland,United Kingdom of Great Britain and Northern Ireland,GBR,126708,45234,0,125,0,
999,2019,United Kingdom of Great Britain and Northern Ireland,United Kingdom of Great Britain and Northern Ireland,GBR,133083,61947,0,161,0,
1000,2020,United Kingdom of Great Britain and Northern Ireland,United Kingdom of Great Britain and Northern Ireland,GBR,132304,77245,0,4662,209,
1001,2021,United Kingdom of Great Britain and Northern Ireland,United Kingdom of Great Britain and Northern Ireland,GBR,135912,83489,0,3968,209,
1002,2016,United Rep. of Tanzania,United Rep. of Tanzania,TZA,281498,8539,0,0,168785,
1003,2017,United Rep. of Tanzania,United Rep. of Tanzania,TZA,308528,44172,0,0,168581,
1004,2018,United Rep. of Tanzania,United Rep. of Tanzania,TZA,278322,39659,0,0,19024,
1005,2019,United Rep. of Tanzania,United Rep. of Tanzania,TZA,242171,32028,0,0,23861,
1006,2020,United Rep. of Tanzania,United Rep. of Tanzania,TZA,234645,28748,0,0,23920,
1007,2021,United Rep. of Tanzania,United Rep. of Tanzania,TZA,202635,27829,0,0,22566,
1008,2016,United States of America,United States of America,USA,272963,439864,0,0,0,
1009,2017,United States of America,United States of America,USA,287135,642719,0,0,0,
1010,2018,United States of America,United States of America,USA,313242,718992,0,0,0,
1011,2019,United States of America,United States of America,USA,341715,847608,0,0,0,
1012,2020,United States of America,United States of America,USA,340846,997996,0,47,0,
1013,2021,United States of America,United States of America,USA,337870,1247223,0,47,0,
1014,2016,Uruguay,Uruguay,URY,299,352,0,0,0,1.689798164
1015,2017,Uruguay,Uruguay,URY,334,2089,0,0,6157,1.627753973
1016,2018,Uruguay,Uruguay,URY,379,6404,0,0,0,0.477907184
1017,2019,Uruguay,Uruguay,URY,498,13742,0,0,0,0.350447153
1018,2020,Uruguay,Uruguay,URY,664,10631,0,0,0,-5.858721243
1019,2021,Uruguay,Uruguay,URY,747,12070,0,5,0,
1020,2016,Uzbekistan,Uzbekistan,UZB,26,0,0,86524,0,5.9321508
1021,2017,Uzbekistan,Uzbekistan,UZB,20,0,0,85555,0,4.395274633
1022,2018,Uzbekistan,Uzbekistan,UZB,13,0,0,79942,0,5.354996888
1023,2019,Uzbekistan,Uzbekistan,UZB,13,0,0,97346,0,5.709632222
1024,2020,Uzbekistan,Uzbekistan,UZB,13,0,0,69791,0,1.714770576
1025,2021,Uzbekistan,Uzbekistan,UZB,13,0,0,59136,0,
1026,2021,Vanuatu,Vanuatu,VUT,0,5,0,0,0,
1027,2016,Venezuela (Bolivarian Republic of),Venezuela (Bolivarian Republic of),VEN,172047,900,0,0,0,
1028,2017,Venezuela (Bolivarian Republic of),Venezuela (Bolivarian Republic of),VEN,122804,904,0,0,0,
1029,2018,Venezuela (Bolivarian Republic of),Venezuela (Bolivarian Republic of),VEN,67283,142,0,0,0,
1030,2019,Venezuela (Bolivarian Republic of),Venezuela (Bolivarian Republic of),VEN,67749,49,0,0,494503,
1031,2020,Venezuela (Bolivarian Republic of),Venezuela (Bolivarian Republic of),VEN,68089,284,0,0,1112517,
1032,2021,Venezuela (Bolivarian Republic of),Venezuela (Bolivarian Republic of),VEN,68139,520,0,0,1018709,
1033,2016,Viet Nam,Viet Nam,VNM,0,0,0,11000,0,
1034,2017,Viet Nam,Viet Nam,VNM,0,0,0,29522,0,
1035,2018,Viet Nam,Viet Nam,VNM,0,0,0,34110,0,
1036,2019,Viet Nam,Viet Nam,VNM,0,0,0,30581,0,
1037,2020,Viet Nam,Viet Nam,VNM,0,0,0,32890,0,
1038,2021,Viet Nam,Viet Nam,VNM,0,0,0,30581,0,
1039,2016,Yemen,Yemen,YEM,269778,9088,2025060,0,10,
1040,2017,Yemen,Yemen,YEM,270913,9763,2014062,0,15,
1041,2018,Yemen,Yemen,YEM,264359,8805,2144719,0,10,
1042,2019,Yemen,Yemen,YEM,268503,11325,3625716,0,15,
1043,2020,Yemen,Yemen,YEM,166906,10693,4002012,0,15,
1044,2021,Yemen,Yemen,YEM,129001,11788,4042836,0,15,
1045,2016,Zambia,Zambia,ZMB,29338,3318,0,0,24540,3.776679146
1046,2017,Zambia,Zambia,ZMB,41266,4675,0,0,22394,3.504336096
1047,2018,Zambia,Zambia,ZMB,49877,3300,0,0,22842,4.034493897
1048,2019,Zambia,Zambia,ZMB,57518,5081,0,0,23275,1.441306026
1049,2020,Zambia,Zambia,ZMB,66070,4293,0,0,24203,-2.785055065
1050,2021,Zambia,Zambia,ZMB,70837,4579,0,0,24560,
1051,2016,Zimbabwe,Zimbabwe,ZWE,7423,948,0,0,1671,0
1052,2017,Zimbabwe,Zimbabwe,ZWE,7566,8392,0,0,2859,0
1053,2018,Zimbabwe,Zimbabwe,ZWE,7795,10207,0,0,853,0
1054,2019,Zimbabwe,Zimbabwe,ZWE,8956,11532,270000,0,957,0
1055,2020,Zimbabwe,Zimbabwe,ZWE,9261,11929,0,0,967,0
1056,2021,Zimbabwe,Zimbabwe,ZWE,9467,12101,0,0,985,
